id;url_name;generation_storage;storage_content_type;tipo_documento;plan_estudio;nombre_archivo;programa_id;tabla_elemento_catalogo_id
1;Queso Plástico Mejorado;2634;misión;migración Cine e-enable;true;compressing;1;1
2;digital incubate;63738;Sorprendente Equilibrado;Jardines;true;bypass partnerships;2;2
3;Metal bifurcada;80369;Latvian online Gambia;empower neural Account;true;RSS Hogar;3;3
4;interfaces;99350;Ensalada innovate Productor;Cantabria overriding;true;Market calculating;4;4
5;deposit;22982;withdrawal quantify;extranet;false;interfaz;5;5
6;Mesa;13105;conglomeración Eslovenia;Ladrillo;false;Algodón Navarra;6;6
7;paralelismo;86237;Seguro state;connecting array;true;HTTP JBOD Genérico;7;7
8;Berkshire Bicicleta;8190;Buckinghamshire Guilder Regional;Configuración Gerente;true;Web;8;8
9;Canarias override;19088;transmitting León Cliente;recíproca Supervisor;false;end-to-end;9;9
10;analista system conglomeración;84363;flexibilidad Papelería intermedia;desafío Producto;false;Gris neural Borders;10;10
